trade_dt,ticker_name,nav_value,trading_amount
2025-01-02,Alpha Income Fund,1002.08,581022645
2025-01-03,Alpha Income Fund,1003.76,927384691
2025-01-06,Alpha Income Fund,1007.7,697307729
2025-01-07,Alpha Income Fund,1012.42,1134696567
2025-01-08,Alpha Income Fund,1011.1,1067986450
2025-01-09,Alpha Income Fund,1017.11,769621335
2025-01-10,Alpha Income Fund,1014.11,684181412
2025-01-13,Alpha Income Fund,1010.96,855537132
2025-01-14,Alpha Income Fund,1012.44,860814465
2025-01-15,Alpha Income Fund,1011.65,706210836
2025-01-16,Alpha Income Fund,1017.08,860899826
2025-01-17,Alpha Income Fund,1015.99,665973942
2025-01-20,Alpha Income Fund,1013.5,1033015575
2025-01-21,Alpha Income Fund,1017.65,1042611672
2025-01-22,Alpha Income Fund,1016.05,1213549980
2025-01-23,Alpha Income Fund,1014.03,927024381
2025-01-24,Alpha Income Fund,1017.93,764852572
2025-01-27,Alpha Income Fund,1011.03,892888080
2025-01-28,Alpha Income Fund,1014.28,981883915
2025-01-29,Alpha Income Fund,1016.52,1031446642
2025-01-30,Alpha Income Fund,1019.03,878872382
2025-01-31,Alpha Income Fund,1019.54,853730642
2025-02-03,Alpha Income Fund,1023.79,761040138
2025-02-04,Alpha Income Fund,1022.04,1103409673
2025-02-05,Alpha Income Fund,1013.94,787595971
2025-02-06,Alpha Income Fund,1017.13,845486669
2025-02-07,Alpha Income Fund,1011.21,837637609
2025-02-10,Alpha Income Fund,1008.27,631883200
2025-02-11,Alpha Income Fund,1014.58,699509297
2025-02-12,Alpha Income Fund,1007.91,825858385
2025-02-13,Alpha Income Fund,1011.87,1104664620
2025-02-14,Alpha Income Fund,1006.61,1014737765
2025-02-17,Alpha Income Fund,1009.13,637268993
2025-02-18,Alpha Income Fund,1006.1,1091736607
2025-02-19,Alpha Income Fund,1002.33,509256227
2025-02-20,Alpha Income Fund,1000.55,948110263
2025-02-21,Alpha Income Fund,1001.58,866989461
2025-02-24,Alpha Income Fund,1004.2,1025887126
2025-02-25,Alpha Income Fund,1003.28,1179781946
2025-02-26,Alpha Income Fund,1001.73,804724942
2025-02-27,Alpha Income Fund,1004.06,777617522
2025-02-28,Alpha Income Fund,1006.19,867706505
2025-03-03,Alpha Income Fund,1000.95,932553619
2025-03-04,Alpha Income Fund,1000.89,998334480
2025-03-05,Alpha Income Fund,1004.15,672384561
2025-03-06,Alpha Income Fund,1007.85,888483886
2025-03-07,Alpha Income Fund,1007.45,752411413
2025-03-10,Alpha Income Fund,1009.6,1509512774
2025-03-11,Alpha Income Fund,1010.19,908909096
2025-03-12,Alpha Income Fund,1011.23,940564995
2025-03-13,Alpha Income Fund,1016.23,716362477
2025-03-14,Alpha Income Fund,1018.93,941186999
2025-03-17,Alpha Income Fund,1020.52,944837480
2025-03-18,Alpha Income Fund,1023.59,626636250
2025-03-19,Alpha Income Fund,1028.95,1034926125
2025-03-20,Alpha Income Fund,1031.69,674126620
2025-03-21,Alpha Income Fund,1032.3,998737061
2025-03-24,Alpha Income Fund,1039.1,801542141
2025-03-25,Alpha Income Fund,1041.4,889254313
2025-03-26,Alpha Income Fund,1046.19,575471529
2025-03-27,Alpha Income Fund,1046.39,408936271
2025-03-28,Alpha Income Fund,1042.99,1104288804
2025-03-31,Alpha Income Fund,1041.61,942508886
2025-04-01,Alpha Income Fund,1044.39,910469744
2025-04-02,Alpha Income Fund,1050.69,698311140
2025-04-03,Alpha Income Fund,1047.26,775385478
2025-04-04,Alpha Income Fund,1054.7,786387467
2025-04-07,Alpha Income Fund,1056.57,1024339050
2025-04-08,Alpha Income Fund,1051.64,709492754
2025-04-09,Alpha Income Fund,1058.38,894346279
2025-04-10,Alpha Income Fund,1060.1,963254553
2025-04-11,Alpha Income Fund,1065.82,997018774
2025-04-14,Alpha Income Fund,1060.48,777553421
2025-04-15,Alpha Income Fund,1068.72,575908590
2025-04-16,Alpha Income Fund,1072.41,759329956
2025-04-17,Alpha Income Fund,1074.62,688807272
2025-04-18,Alpha Income Fund,1071.9,795053632
2025-04-21,Alpha Income Fund,1072.16,882610108
2025-04-22,Alpha Income Fund,1065.7,903272403
2025-04-23,Alpha Income Fund,1063.05,739893232
2025-04-24,Alpha Income Fund,1064.39,709561029
2025-04-25,Alpha Income Fund,1064.35,1057564679
2025-04-28,Alpha Income Fund,1061.51,807066351
2025-04-29,Alpha Income Fund,1063.79,873526659
2025-04-30,Alpha Income Fund,1061.17,1266175598
2025-05-01,Alpha Income Fund,1062.94,729363921
2025-05-02,Alpha Income Fund,1063.61,974097169
2025-05-05,Alpha Income Fund,1060.24,755833367
2025-05-06,Alpha Income Fund,1058.96,1040598067
2025-05-07,Alpha Income Fund,1059.53,707945428
2025-05-08,Alpha Income Fund,1066.57,1090733925
2025-05-09,Alpha Income Fund,1061.33,735359717
2025-05-12,Alpha Income Fund,1062.7,747212117
2025-05-13,Alpha Income Fund,1073.43,773725327
2025-05-14,Alpha Income Fund,1079.98,931544218
2025-05-15,Alpha Income Fund,1083.76,726911211
2025-05-16,Alpha Income Fund,1086.57,804889842
2025-05-19,Alpha Income Fund,1087.3,826523655
2025-05-20,Alpha Income Fund,1083.87,568158365
2025-05-21,Alpha Income Fund,1075.88,1106503302
2025-05-22,Alpha Income Fund,1076.87,913628695
2025-05-23,Alpha Income Fund,1069.06,465029136
2025-05-26,Alpha Income Fund,1065.11,899455905
2025-05-27,Alpha Income Fund,1066.19,948942961
2025-05-28,Alpha Income Fund,1063.35,981379960
2025-05-29,Alpha Income Fund,1054.28,996337638
2025-05-30,Alpha Income Fund,1053.71,1044142949
2025-06-02,Alpha Income Fund,1053.19,697253630
2025-06-03,Alpha Income Fund,1050.66,842694287
2025-06-04,Alpha Income Fund,1049.64,877273227
2025-06-05,Alpha Income Fund,1053.85,447398001
2025-06-06,Alpha Income Fund,1053.33,771799767
2025-06-09,Alpha Income Fund,1045.77,865529614
2025-06-10,Alpha Income Fund,1043.34,1200620235
2025-06-11,Alpha Income Fund,1042.34,1042296080
2025-06-12,Alpha Income Fund,1042.64,659679447
2025-06-13,Alpha Income Fund,1046.96,1225519209
2025-06-16,Alpha Income Fund,1045.5,790789874
2025-06-17,Alpha Income Fund,1039.9,732464264
2025-06-18,Alpha Income Fund,1044.74,877602476
2025-06-19,Alpha Income Fund,1042.44,904399087
2025-06-20,Alpha Income Fund,1038.08,734135615
2025-06-23,Alpha Income Fund,1030.47,709501800
2025-06-24,Alpha Income Fund,1031.47,945744866
2025-06-25,Alpha Income Fund,1035.99,1037697446
2025-06-26,Alpha Income Fund,1030.8,904673657
2025-06-27,Alpha Income Fund,1033.23,507864846
2025-06-30,Alpha Income Fund,1027.6,862119952
2025-07-01,Alpha Income Fund,1023.41,726799029
2025-07-02,Alpha Income Fund,1020.64,1089249031
2025-07-03,Alpha Income Fund,1021.52,785224183
2025-07-04,Alpha Income Fund,1023.66,841972198
2025-07-07,Alpha Income Fund,1019.99,689063900
2025-07-08,Alpha Income Fund,1018.27,1067627342
2025-07-09,Alpha Income Fund,1012.75,581240425
2025-07-10,Alpha Income Fund,1016.58,667148566
2025-07-11,Alpha Income Fund,1017.81,1288577816
2025-07-14,Alpha Income Fund,1018.18,1011487813
2025-07-15,Alpha Income Fund,1015.58,693035058
2025-07-16,Alpha Income Fund,1012.51,1063906075
2025-07-17,Alpha Income Fund,1015.96,746397258
2025-07-18,Alpha Income Fund,1022.11,924235743
2025-07-21,Alpha Income Fund,1024.92,571748818
2025-07-22,Alpha Income Fund,1019.33,961219475
2025-07-23,Alpha Income Fund,1021.16,809059292
2025-07-24,Alpha Income Fund,1028.9,783540149
2025-07-25,Alpha Income Fund,1028.91,961680484
2025-07-28,Alpha Income Fund,1034.13,794122773
2025-07-29,Alpha Income Fund,1035.14,688799485
2025-07-30,Alpha Income Fund,1042.53,921508236
2025-07-31,Alpha Income Fund,1035.68,865652246
2025-08-01,Alpha Income Fund,1037.6,923616446
2025-08-04,Alpha Income Fund,1043.69,894836091
2025-08-05,Alpha Income Fund,1047.15,1024477902
2025-08-06,Alpha Income Fund,1046.79,1010056112
2025-08-07,Alpha Income Fund,1047.43,1340407863
2025-08-08,Alpha Income Fund,1050.24,1123972878
2025-08-11,Alpha Income Fund,1040.83,981919339
2025-08-12,Alpha Income Fund,1037.51,939215399
2025-08-13,Alpha Income Fund,1040.32,911726178
2025-08-14,Alpha Income Fund,1042.04,760155867
2025-08-15,Alpha Income Fund,1046.5,700447804
2025-08-18,Alpha Income Fund,1053.72,894713997
2025-08-19,Alpha Income Fund,1055.36,597338475
2025-08-20,Alpha Income Fund,1057.24,731087689
2025-08-21,Alpha Income Fund,1053.45,474173279
2025-08-22,Alpha Income Fund,1052.52,798141783
2025-08-25,Alpha Income Fund,1057.82,890763710
2025-08-26,Alpha Income Fund,1058.61,1035890873
2025-08-27,Alpha Income Fund,1060.47,1004657701
2025-08-28,Alpha Income Fund,1057.14,591760208
2025-08-29,Alpha Income Fund,1057.2,906873935
2025-09-01,Alpha Income Fund,1054.85,866272238
2025-09-02,Alpha Income Fund,1054.09,1076804745
2025-09-03,Alpha Income Fund,1051.57,684015993
2025-09-04,Alpha Income Fund,1051.44,1042420791
2025-09-05,Alpha Income Fund,1060.48,945437936
2025-09-08,Alpha Income Fund,1060.73,1042003953
2025-09-09,Alpha Income Fund,1068.48,1044127306
2025-09-10,Alpha Income Fund,1062.34,1106058919
2025-09-11,Alpha Income Fund,1065.4,758155274
2025-09-12,Alpha Income Fund,1073.71,805249043
2025-09-15,Alpha Income Fund,1077.79,533346762
2025-09-16,Alpha Income Fund,1084.58,484053980
2025-09-17,Alpha Income Fund,1078.8,697616999
2025-09-18,Alpha Income Fund,1079.27,480586497
2025-09-19,Alpha Income Fund,1075.07,752942844
2025-09-22,Alpha Income Fund,1073.36,816169420
2025-09-23,Alpha Income Fund,1071.9,641793706
2025-09-24,Alpha Income Fund,1072.07,1057649639
2025-09-25,Alpha Income Fund,1065.15,997207883
2025-09-26,Alpha Income Fund,1069.33,1094022014
2025-09-29,Alpha Income Fund,1070.04,663162799
2025-09-30,Alpha Income Fund,1072.09,560141355
2025-10-01,Alpha Income Fund,1071.29,718533600
2025-10-02,Alpha Income Fund,1074.74,870282060
2025-10-03,Alpha Income Fund,1070.88,625125997
2025-10-06,Alpha Income Fund,1068.07,958419756
2025-10-07,Alpha Income Fund,1072.59,488817059
2025-10-08,Alpha Income Fund,1080.97,656386657
2025-10-09,Alpha Income Fund,1084.15,1051520828
2025-10-10,Alpha Income Fund,1082.29,697642009
2025-10-13,Alpha Income Fund,1087.2,621918806
2025-10-14,Alpha Income Fund,1084.33,921205955
2025-10-15,Alpha Income Fund,1087.67,696450104
2025-10-16,Alpha Income Fund,1091.62,661865972
2025-10-17,Alpha Income Fund,1094.23,600685518
2025-10-20,Alpha Income Fund,1096.28,931562398
2025-10-21,Alpha Income Fund,1094.32,904328473
2025-10-22,Alpha Income Fund,1093.2,762550370
2025-10-23,Alpha Income Fund,1091.32,1093745837
2025-10-24,Alpha Income Fund,1088.15,791540472
2025-10-27,Alpha Income Fund,1083.74,1174606858
2025-10-28,Alpha Income Fund,1085.03,1021866783
2025-10-29,Alpha Income Fund,1090.69,575426412
2025-10-30,Alpha Income Fund,1088.37,907873797
2025-10-31,Alpha Income Fund,1091.02,989104089
2025-11-03,Alpha Income Fund,1090.55,714318238
2025-11-04,Alpha Income Fund,1096.84,446631206
2025-11-05,Alpha Income Fund,1100.26,789730352
2025-11-06,Alpha Income Fund,1108.03,652162667
2025-11-07,Alpha Income Fund,1107.69,1065850996
2025-11-10,Alpha Income Fund,1107.73,710657231
2025-11-11,Alpha Income Fund,1098.86,825228269
2025-11-12,Alpha Income Fund,1103.36,978217924
2025-11-13,Alpha Income Fund,1107.3,745061850
2025-11-14,Alpha Income Fund,1109.49,624754779
2025-11-17,Alpha Income Fund,1105.05,784258657
2025-11-18,Alpha Income Fund,1104.74,884381373
2025-11-19,Alpha Income Fund,1104.85,856274021
2025-11-20,Alpha Income Fund,1106.09,752276348
2025-11-21,Alpha Income Fund,1105.81,608294306
2025-11-24,Alpha Income Fund,1112.18,828411400
2025-11-25,Alpha Income Fund,1105.97,652693072
2025-11-26,Alpha Income Fund,1109.41,892449670
2025-11-27,Alpha Income Fund,1113.26,917059513
2025-11-28,Alpha Income Fund,1113.97,833501132
2025-12-01,Alpha Income Fund,1116.98,1033651545
2025-12-02,Alpha Income Fund,1113.82,974519849
2025-12-03,Alpha Income Fund,1107.91,1005941878
2025-12-04,Alpha Income Fund,1112.7,891207462
2025-12-05,Alpha Income Fund,1113.97,600158497
2025-12-08,Alpha Income Fund,1112.93,785594055
2025-12-09,Alpha Income Fund,1114.97,1024379109
2025-12-10,Alpha Income Fund,1110.53,1216384528
2025-12-11,Alpha Income Fund,1109.78,836485462
2025-12-12,Alpha Income Fund,1111.62,987172429
2025-12-15,Alpha Income Fund,1109.65,496005628
2025-12-16,Alpha Income Fund,1114.17,1006248283
2025-12-17,Alpha Income Fund,1107.28,1145034929
2025-12-18,Alpha Income Fund,1105.86,513494060
2025-12-19,Alpha Income Fund,1108.73,1075671699
2025-01-02,Beta Growth ETF,1012.99,712867714
2025-01-03,Beta Growth ETF,1007.65,763778469
2025-01-06,Beta Growth ETF,1020.06,760336985
2025-01-07,Beta Growth ETF,1037.65,837323846
2025-01-08,Beta Growth ETF,1043.54,813430674
2025-01-09,Beta Growth ETF,1037.31,1109005889
2025-01-10,Beta Growth ETF,1032.43,515339991
2025-01-13,Beta Growth ETF,1025.48,716780242
2025-01-14,Beta Growth ETF,1025.48,707765888
2025-01-15,Beta Growth ETF,1020.69,1045316140
2025-01-16,Beta Growth ETF,1019.57,495295984
2025-01-17,Beta Growth ETF,1030.5,451172719
2025-01-20,Beta Growth ETF,1014.5,965059469
2025-01-21,Beta Growth ETF,1025.96,659170507
2025-01-22,Beta Growth ETF,1017.99,875431912
2025-01-23,Beta Growth ETF,1023.12,986809041
2025-01-24,Beta Growth ETF,1027.99,818772845
2025-01-27,Beta Growth ETF,1006.63,776729543
2025-01-28,Beta Growth ETF,1017.4,902276914
2025-01-29,Beta Growth ETF,1006.92,912198563
2025-01-30,Beta Growth ETF,1003.5,1141494611
2025-01-31,Beta Growth ETF,1016.45,833036761
2025-02-03,Beta Growth ETF,1035.47,330775580
2025-02-04,Beta Growth ETF,1033.89,1134520406
2025-02-05,Beta Growth ETF,1009.78,817373429
2025-02-06,Beta Growth ETF,1011.25,972497589
2025-02-07,Beta Growth ETF,1005.95,1175442574
2025-02-10,Beta Growth ETF,1008.66,850066871
2025-02-11,Beta Growth ETF,1006.58,824238643
2025-02-12,Beta Growth ETF,1033.85,739617913
2025-02-13,Beta Growth ETF,1037.49,845028232
2025-02-14,Beta Growth ETF,1042.96,866917855
2025-02-17,Beta Growth ETF,1056.02,921446957
2025-02-18,Beta Growth ETF,1031.49,663227548
2025-02-19,Beta Growth ETF,1029.22,880799725
2025-02-20,Beta Growth ETF,1038.25,879096238
2025-02-21,Beta Growth ETF,1030.14,676423305
2025-02-24,Beta Growth ETF,1032.82,766364084
2025-02-25,Beta Growth ETF,1054.15,894704413
2025-02-26,Beta Growth ETF,1060.98,909930904
2025-02-27,Beta Growth ETF,1050.6,646151044
2025-02-28,Beta Growth ETF,1060.16,873230606
2025-03-03,Beta Growth ETF,1075.69,714676055
2025-03-04,Beta Growth ETF,1056.44,1003656646
2025-03-05,Beta Growth ETF,1065.48,1139856923
2025-03-06,Beta Growth ETF,1064.55,1015065833
2025-03-07,Beta Growth ETF,1068.94,792654957
2025-03-10,Beta Growth ETF,1062.02,1019963396
2025-03-11,Beta Growth ETF,1047.83,684392636
2025-03-12,Beta Growth ETF,1044.82,711954677
2025-03-13,Beta Growth ETF,1050.24,966417321
2025-03-14,Beta Growth ETF,1066.95,907959132
2025-03-17,Beta Growth ETF,1068.23,733350201
2025-03-18,Beta Growth ETF,1047.73,1016500541
2025-03-19,Beta Growth ETF,1045.26,1125048152
2025-03-20,Beta Growth ETF,1063.84,695024506
2025-03-21,Beta Growth ETF,1043.83,631564169
2025-03-24,Beta Growth ETF,1033.28,1054666401
2025-03-25,Beta Growth ETF,1027.61,790044867
2025-03-26,Beta Growth ETF,1042.47,684783707
2025-03-27,Beta Growth ETF,1050.04,762002744
2025-03-28,Beta Growth ETF,1064.52,759388833
2025-03-31,Beta Growth ETF,1059.72,935017790
2025-04-01,Beta Growth ETF,1058.97,967496247
2025-04-02,Beta Growth ETF,1052.85,814732780
2025-04-03,Beta Growth ETF,1051.49,800370455
2025-04-04,Beta Growth ETF,1058.69,1007712915
2025-04-07,Beta Growth ETF,1062.87,962703594
2025-04-08,Beta Growth ETF,1075.11,858595655
2025-04-09,Beta Growth ETF,1085.69,1165507364
2025-04-10,Beta Growth ETF,1061.31,754046247
2025-04-11,Beta Growth ETF,1056.94,1041262475
2025-04-14,Beta Growth ETF,1066.18,665849605
2025-04-15,Beta Growth ETF,1074.16,881327002
2025-04-16,Beta Growth ETF,1088.82,786630203
2025-04-17,Beta Growth ETF,1093.42,863168651
2025-04-18,Beta Growth ETF,1082.74,922988626
2025-04-21,Beta Growth ETF,1085.52,763115569
2025-04-22,Beta Growth ETF,1095.05,962502039
2025-04-23,Beta Growth ETF,1090.59,1179884700
2025-04-24,Beta Growth ETF,1101.63,1002361850
2025-04-25,Beta Growth ETF,1096.32,913198574
2025-04-28,Beta Growth ETF,1081.48,980982270
2025-04-29,Beta Growth ETF,1099.84,1309057758
2025-04-30,Beta Growth ETF,1101.11,1038421807
2025-05-01,Beta Growth ETF,1106.13,681917943
2025-05-02,Beta Growth ETF,1080.58,851856778
2025-05-05,Beta Growth ETF,1096.78,864338424
2025-05-06,Beta Growth ETF,1097.01,1032782350
2025-05-07,Beta Growth ETF,1093.13,832459517
2025-05-08,Beta Growth ETF,1086.45,947681215
2025-05-09,Beta Growth ETF,1066.92,1021154060
2025-05-12,Beta Growth ETF,1051.94,768712631
2025-05-13,Beta Growth ETF,1059.28,805626216
2025-05-14,Beta Growth ETF,1068.89,913983819
2025-05-15,Beta Growth ETF,1075.35,912811812
2025-05-16,Beta Growth ETF,1085.01,725749263
2025-05-19,Beta Growth ETF,1110.23,1229344441
2025-05-20,Beta Growth ETF,1117.15,1170684745
2025-05-21,Beta Growth ETF,1137.07,835359410
2025-05-22,Beta Growth ETF,1150.43,646307744
2025-05-23,Beta Growth ETF,1155.88,778053666
2025-05-26,Beta Growth ETF,1165.72,848352576
2025-05-27,Beta Growth ETF,1172.01,784769765
2025-05-28,Beta Growth ETF,1182.98,978393752
2025-05-29,Beta Growth ETF,1180.89,570419103
2025-05-30,Beta Growth ETF,1148.43,779153644
2025-06-02,Beta Growth ETF,1154.9,1016717512
2025-06-03,Beta Growth ETF,1150.97,1137472079
2025-06-04,Beta Growth ETF,1170.33,777980187
2025-06-05,Beta Growth ETF,1149.01,794077449
2025-06-06,Beta Growth ETF,1137.63,934422101
2025-06-09,Beta Growth ETF,1126.75,660731368
2025-06-10,Beta Growth ETF,1126.93,850676710
2025-06-11,Beta Growth ETF,1111.38,915169377
2025-06-12,Beta Growth ETF,1102.83,801235071
2025-06-13,Beta Growth ETF,1123.88,1253385001
2025-06-16,Beta Growth ETF,1097.57,910436258
2025-06-17,Beta Growth ETF,1107.7,969257765
2025-06-18,Beta Growth ETF,1093.9,1124901488
2025-06-19,Beta Growth ETF,1089.66,778672760
2025-06-20,Beta Growth ETF,1081.25,818505697
2025-06-23,Beta Growth ETF,1065.37,1027491941
2025-06-24,Beta Growth ETF,1046.83,958250694
2025-06-25,Beta Growth ETF,1064.79,1169792783
2025-06-26,Beta Growth ETF,1066.8,1100995943
2025-06-27,Beta Growth ETF,1067.77,641628725
2025-06-30,Beta Growth ETF,1060.05,976917724
2025-07-01,Beta Growth ETF,1046.24,896116901
2025-07-02,Beta Growth ETF,1051.85,854700971
2025-07-03,Beta Growth ETF,1045.93,1040051454
2025-07-04,Beta Growth ETF,1031.22,645994170
2025-07-07,Beta Growth ETF,1049.6,1026290331
2025-07-08,Beta Growth ETF,1036.19,773823830
2025-07-09,Beta Growth ETF,1036.63,660178916
2025-07-10,Beta Growth ETF,1041.13,971008147
2025-07-11,Beta Growth ETF,1016.24,763380023
2025-07-14,Beta Growth ETF,1021.99,768164034
2025-07-15,Beta Growth ETF,1029.59,858239390
2025-07-16,Beta Growth ETF,1031.2,776868869
2025-07-17,Beta Growth ETF,1048.01,919938989
2025-07-18,Beta Growth ETF,1036.23,720348987
2025-07-21,Beta Growth ETF,1054.4,1234062121
2025-07-22,Beta Growth ETF,1027.03,1288774890
2025-07-23,Beta Growth ETF,1017.41,974414592
2025-07-24,Beta Growth ETF,1003.68,1085724476
2025-07-25,Beta Growth ETF,999.18,955415401
2025-07-28,Beta Growth ETF,983.92,1312193142
2025-07-29,Beta Growth ETF,982.41,1033091739
2025-07-30,Beta Growth ETF,1000.77,1133906820
2025-07-31,Beta Growth ETF,991.9,1016209815
2025-08-01,Beta Growth ETF,991.92,770913702
2025-08-04,Beta Growth ETF,995.83,930164114
2025-08-05,Beta Growth ETF,1002.0,875788712
2025-08-06,Beta Growth ETF,1007.31,897022091
2025-08-07,Beta Growth ETF,1014.76,1104169202
2025-08-08,Beta Growth ETF,1004.47,619008948
2025-08-11,Beta Growth ETF,1016.32,994241238
2025-08-12,Beta Growth ETF,1010.44,868711371
2025-08-13,Beta Growth ETF,1027.99,534787402
2025-08-14,Beta Growth ETF,1016.95,899315198
2025-08-15,Beta Growth ETF,1037.77,971981765
2025-08-18,Beta Growth ETF,1035.93,888317950
2025-08-19,Beta Growth ETF,1033.75,930416585
2025-08-20,Beta Growth ETF,1066.56,804808945
2025-08-21,Beta Growth ETF,1064.36,788777032
2025-08-22,Beta Growth ETF,1057.91,842369174
2025-08-25,Beta Growth ETF,1041.77,710944824
2025-08-26,Beta Growth ETF,1064.2,872773172
2025-08-27,Beta Growth ETF,1091.06,561894359
2025-08-28,Beta Growth ETF,1073.41,1065916636
2025-08-29,Beta Growth ETF,1089.43,769122359
2025-09-01,Beta Growth ETF,1094.58,1009509346
2025-09-02,Beta Growth ETF,1095.27,694979479
2025-09-03,Beta Growth ETF,1098.79,455935637
2025-09-04,Beta Growth ETF,1108.63,761427020
2025-09-05,Beta Growth ETF,1128.18,432547030
2025-09-08,Beta Growth ETF,1144.53,582638930
2025-09-09,Beta Growth ETF,1149.6,720402305
2025-09-10,Beta Growth ETF,1152.2,1038672300
2025-09-11,Beta Growth ETF,1139.21,1025950247
2025-09-12,Beta Growth ETF,1162.34,737358913
2025-09-15,Beta Growth ETF,1158.5,1305906833
2025-09-16,Beta Growth ETF,1153.48,612447367
2025-09-17,Beta Growth ETF,1145.9,1046852174
2025-09-18,Beta Growth ETF,1129.95,959545803
2025-09-19,Beta Growth ETF,1129.03,995800664
2025-09-22,Beta Growth ETF,1129.95,655686646
2025-09-23,Beta Growth ETF,1121.84,999995065
2025-09-24,Beta Growth ETF,1115.82,717981480
2025-09-25,Beta Growth ETF,1107.06,956757239
2025-09-26,Beta Growth ETF,1108.17,858911853
2025-09-29,Beta Growth ETF,1090.59,840685236
2025-09-30,Beta Growth ETF,1099.33,1021587510
2025-10-01,Beta Growth ETF,1095.64,742934800
2025-10-02,Beta Growth ETF,1100.43,1210044940
2025-10-03,Beta Growth ETF,1130.42,573717396
2025-10-06,Beta Growth ETF,1133.15,949236424
2025-10-07,Beta Growth ETF,1159.04,1029354153
2025-10-08,Beta Growth ETF,1177.04,474007395
2025-10-09,Beta Growth ETF,1191.61,814097191
2025-10-10,Beta Growth ETF,1180.4,859335304
2025-10-13,Beta Growth ETF,1160.39,1073361371
2025-10-14,Beta Growth ETF,1156.55,953363041
2025-10-15,Beta Growth ETF,1158.37,570257913
2025-10-16,Beta Growth ETF,1170.73,741356135
2025-10-17,Beta Growth ETF,1193.08,786605200
2025-10-20,Beta Growth ETF,1174.24,768713938
2025-10-21,Beta Growth ETF,1155.95,962025497
2025-10-22,Beta Growth ETF,1150.49,496712268
2025-10-23,Beta Growth ETF,1135.78,517564008
2025-10-24,Beta Growth ETF,1127.4,966749740
2025-10-27,Beta Growth ETF,1117.66,974355695
2025-10-28,Beta Growth ETF,1127.16,985016616
2025-10-29,Beta Growth ETF,1120.03,789659107
2025-10-30,Beta Growth ETF,1112.49,811841791
2025-10-31,Beta Growth ETF,1095.69,380104959
2025-11-03,Beta Growth ETF,1087.7,755817919
2025-11-04,Beta Growth ETF,1098.19,888618382
2025-11-05,Beta Growth ETF,1073.0,797071448
2025-11-06,Beta Growth ETF,1090.06,1019078359
2025-11-07,Beta Growth ETF,1074.03,676034396
2025-11-10,Beta Growth ETF,1071.67,1372979343
2025-11-11,Beta Growth ETF,1058.46,412691519
2025-11-12,Beta Growth ETF,1070.37,756429570
2025-11-13,Beta Growth ETF,1092.05,889542979
2025-11-14,Beta Growth ETF,1094.96,608349672
2025-11-17,Beta Growth ETF,1087.26,936833561
2025-11-18,Beta Growth ETF,1063.28,947617479
2025-11-19,Beta Growth ETF,1073.95,976976465
2025-11-20,Beta Growth ETF,1082.93,1259269958
2025-11-21,Beta Growth ETF,1077.18,819383132
2025-11-24,Beta Growth ETF,1078.63,911570453
2025-11-25,Beta Growth ETF,1090.42,1144441233
2025-11-26,Beta Growth ETF,1097.61,1064243954
2025-11-27,Beta Growth ETF,1103.24,546837171
2025-11-28,Beta Growth ETF,1100.87,505348325
2025-12-01,Beta Growth ETF,1103.43,598797404
2025-12-02,Beta Growth ETF,1112.6,849492048
2025-12-03,Beta Growth ETF,1113.88,757403314
2025-12-04,Beta Growth ETF,1142.15,1127554789
2025-12-05,Beta Growth ETF,1116.9,906177509
2025-12-08,Beta Growth ETF,1101.87,928409624
2025-12-09,Beta Growth ETF,1123.05,889745148
2025-12-10,Beta Growth ETF,1135.82,969850774
2025-12-11,Beta Growth ETF,1172.5,517588999
2025-12-12,Beta Growth ETF,1186.31,605531522
2025-12-15,Beta Growth ETF,1203.67,822335356
2025-12-16,Beta Growth ETF,1225.28,773084982
2025-12-17,Beta Growth ETF,1231.19,1211358299
2025-12-18,Beta Growth ETF,1229.38,732868125
2025-12-19,Beta Growth ETF,1224.07,655580645
2025-01-02,Gamma Balanced,1002.49,834447055
2025-01-03,Gamma Balanced,1009.01,971866315
2025-01-06,Gamma Balanced,1014.21,983181312
2025-01-07,Gamma Balanced,1014.71,651191797
2025-01-08,Gamma Balanced,1014.13,560201591
2025-01-09,Gamma Balanced,1011.41,815392049
2025-01-10,Gamma Balanced,1011.66,679917710
2025-01-13,Gamma Balanced,998.2,866204213
2025-01-14,Gamma Balanced,991.92,948927098
2025-01-15,Gamma Balanced,991.07,1107749160
2025-01-16,Gamma Balanced,995.32,839864193
2025-01-17,Gamma Balanced,995.69,952457272
2025-01-20,Gamma Balanced,999.46,885838783
2025-01-21,Gamma Balanced,983.85,958064501
2025-01-22,Gamma Balanced,982.87,1024017449
2025-01-23,Gamma Balanced,981.08,1110996827
2025-01-24,Gamma Balanced,985.48,657821433
2025-01-27,Gamma Balanced,980.97,1168165978
2025-01-28,Gamma Balanced,981.41,1053425582
2025-01-29,Gamma Balanced,984.18,781699700
2025-01-30,Gamma Balanced,992.23,771221032
2025-01-31,Gamma Balanced,990.32,951110430
2025-02-03,Gamma Balanced,991.74,1022780774
2025-02-04,Gamma Balanced,980.47,970453597
2025-02-05,Gamma Balanced,990.59,865889186
2025-02-06,Gamma Balanced,1002.53,1241479872
2025-02-07,Gamma Balanced,985.25,832049866
2025-02-10,Gamma Balanced,968.85,981149717
2025-02-11,Gamma Balanced,962.25,918988181
2025-02-12,Gamma Balanced,956.86,1117765884
2025-02-13,Gamma Balanced,967.06,1274572634
2025-02-14,Gamma Balanced,963.8,996077455
2025-02-17,Gamma Balanced,968.26,905424545
2025-02-18,Gamma Balanced,970.78,717390782
2025-02-19,Gamma Balanced,967.91,870356138
2025-02-20,Gamma Balanced,971.59,1019399372
2025-02-21,Gamma Balanced,975.39,799583300
2025-02-24,Gamma Balanced,971.17,1108602112
2025-02-25,Gamma Balanced,965.83,702405792
2025-02-26,Gamma Balanced,967.51,654539280
2025-02-27,Gamma Balanced,972.01,819919290
2025-02-28,Gamma Balanced,981.47,769164437
2025-03-03,Gamma Balanced,978.39,927113734
2025-03-04,Gamma Balanced,989.75,1213224776
2025-03-05,Gamma Balanced,983.52,1038619529
2025-03-06,Gamma Balanced,981.23,856202830
2025-03-07,Gamma Balanced,975.34,716165379
2025-03-10,Gamma Balanced,968.16,761956220
2025-03-11,Gamma Balanced,961.99,739048565
2025-03-12,Gamma Balanced,965.37,910835464
2025-03-13,Gamma Balanced,960.82,997032264
2025-03-14,Gamma Balanced,964.46,1009824109
2025-03-17,Gamma Balanced,964.41,766722394
2025-03-18,Gamma Balanced,967.96,827150680
2025-03-19,Gamma Balanced,965.7,904631677
2025-03-20,Gamma Balanced,975.67,766789439
2025-03-21,Gamma Balanced,979.57,295244651
2025-03-24,Gamma Balanced,980.72,1101118502
2025-03-25,Gamma Balanced,982.91,435078419
2025-03-26,Gamma Balanced,989.87,740265701
2025-03-27,Gamma Balanced,990.82,892470283
2025-03-28,Gamma Balanced,992.44,715963853
2025-03-31,Gamma Balanced,995.14,1016301587
2025-04-01,Gamma Balanced,985.29,1128654592
2025-04-02,Gamma Balanced,994.91,847318183
2025-04-03,Gamma Balanced,979.36,992319943
2025-04-04,Gamma Balanced,987.38,811848842
2025-04-07,Gamma Balanced,975.67,706490966
2025-04-08,Gamma Balanced,968.9,843529279
2025-04-09,Gamma Balanced,963.65,677220581
2025-04-10,Gamma Balanced,958.74,780234137
2025-04-11,Gamma Balanced,968.32,776041587
2025-04-14,Gamma Balanced,970.48,1084392933
2025-04-15,Gamma Balanced,971.04,853399031
2025-04-16,Gamma Balanced,967.77,808451535
2025-04-17,Gamma Balanced,970.7,569954485
2025-04-18,Gamma Balanced,966.45,902851539
2025-04-21,Gamma Balanced,960.69,708290960
2025-04-22,Gamma Balanced,955.4,1026095275
2025-04-23,Gamma Balanced,962.9,604054619
2025-04-24,Gamma Balanced,962.65,515273115
2025-04-25,Gamma Balanced,969.91,495876329
2025-04-28,Gamma Balanced,970.2,792000591
2025-04-29,Gamma Balanced,962.95,478956128
2025-04-30,Gamma Balanced,962.72,902706095
2025-05-01,Gamma Balanced,968.57,1001721584
2025-05-02,Gamma Balanced,953.83,784382553
2025-05-05,Gamma Balanced,951.14,705243527
2025-05-06,Gamma Balanced,940.58,644132311
2025-05-07,Gamma Balanced,950.42,916466463
2025-05-08,Gamma Balanced,951.26,822831683
2025-05-09,Gamma Balanced,961.07,941076963
2025-05-12,Gamma Balanced,960.81,932284099
2025-05-13,Gamma Balanced,961.96,793997528
2025-05-14,Gamma Balanced,953.74,924382772
2025-05-15,Gamma Balanced,939.15,1008127987
2025-05-16,Gamma Balanced,931.54,973193127
2025-05-19,Gamma Balanced,937.16,817997347
2025-05-20,Gamma Balanced,934.23,914163477
2025-05-21,Gamma Balanced,930.39,969391324
2025-05-22,Gamma Balanced,932.33,885007584
2025-05-23,Gamma Balanced,939.03,608727986
2025-05-26,Gamma Balanced,935.89,937600518
2025-05-27,Gamma Balanced,938.64,900632636
2025-05-28,Gamma Balanced,938.2,909298909
2025-05-29,Gamma Balanced,929.07,787280473
2025-05-30,Gamma Balanced,927.61,1012478397
2025-06-02,Gamma Balanced,925.04,728342332
2025-06-03,Gamma Balanced,929.15,1040888222
2025-06-04,Gamma Balanced,936.36,836655723
2025-06-05,Gamma Balanced,927.76,880835191
2025-06-06,Gamma Balanced,930.77,1083588887
2025-06-09,Gamma Balanced,937.63,973055627
2025-06-10,Gamma Balanced,934.28,941757618
2025-06-11,Gamma Balanced,949.12,1199046201
2025-06-12,Gamma Balanced,955.6,924516250
2025-06-13,Gamma Balanced,944.31,702361861
2025-06-16,Gamma Balanced,945.57,880407685
2025-06-17,Gamma Balanced,943.66,991191410
2025-06-18,Gamma Balanced,941.74,852636213
2025-06-19,Gamma Balanced,939.57,976520776
2025-06-20,Gamma Balanced,934.77,784450446
2025-06-23,Gamma Balanced,937.25,816584875
2025-06-24,Gamma Balanced,957.31,1079889705
2025-06-25,Gamma Balanced,962.41,743084658
2025-06-26,Gamma Balanced,954.28,1094810630
2025-06-27,Gamma Balanced,949.84,1202956345
2025-06-30,Gamma Balanced,955.92,565764657
2025-07-01,Gamma Balanced,964.53,978885933
2025-07-02,Gamma Balanced,968.59,794050978
2025-07-03,Gamma Balanced,965.76,797129514
2025-07-04,Gamma Balanced,971.27,1315722531
2025-07-07,Gamma Balanced,971.55,1000370509
2025-07-08,Gamma Balanced,969.46,1052544630
2025-07-09,Gamma Balanced,965.72,858553021
2025-07-10,Gamma Balanced,965.48,1042410668
2025-07-11,Gamma Balanced,958.83,697412976
2025-07-14,Gamma Balanced,956.72,739617396
2025-07-15,Gamma Balanced,963.45,959160251
2025-07-16,Gamma Balanced,959.39,1064608831
2025-07-17,Gamma Balanced,953.24,943976430
2025-07-18,Gamma Balanced,948.31,647925384
2025-07-21,Gamma Balanced,944.45,1073951537
2025-07-22,Gamma Balanced,939.9,1049380642
2025-07-23,Gamma Balanced,940.09,1252375146
2025-07-24,Gamma Balanced,937.54,960762475
2025-07-25,Gamma Balanced,938.16,851241581
2025-07-28,Gamma Balanced,949.24,1023889237
2025-07-29,Gamma Balanced,955.96,562635713
2025-07-30,Gamma Balanced,964.43,766364243
2025-07-31,Gamma Balanced,960.32,1033623961
2025-08-01,Gamma Balanced,949.32,1003439604
2025-08-04,Gamma Balanced,956.22,582783175
2025-08-05,Gamma Balanced,948.84,795204365
2025-08-06,Gamma Balanced,942.14,686447701
2025-08-07,Gamma Balanced,936.67,933607102
2025-08-08,Gamma Balanced,936.37,728159993
2025-08-11,Gamma Balanced,944.54,892948946
2025-08-12,Gamma Balanced,940.1,851928094
2025-08-13,Gamma Balanced,941.19,644442180
2025-08-14,Gamma Balanced,951.63,935568627
2025-08-15,Gamma Balanced,949.04,950660811
2025-08-18,Gamma Balanced,939.47,714815499
2025-08-19,Gamma Balanced,937.33,825963743
2025-08-20,Gamma Balanced,935.21,966332093
2025-08-21,Gamma Balanced,937.37,883025356
2025-08-22,Gamma Balanced,945.54,500230065
2025-08-25,Gamma Balanced,940.59,389616171
2025-08-26,Gamma Balanced,945.67,947618295
2025-08-27,Gamma Balanced,942.88,951937149
2025-08-28,Gamma Balanced,942.07,911808852
2025-08-29,Gamma Balanced,944.06,991900807
2025-09-01,Gamma Balanced,939.77,976280376
2025-09-02,Gamma Balanced,936.84,818239570
2025-09-03,Gamma Balanced,932.87,696588024
2025-09-04,Gamma Balanced,953.0,960933733
2025-09-05,Gamma Balanced,959.22,526872458
2025-09-08,Gamma Balanced,963.43,936753402
2025-09-09,Gamma Balanced,963.26,684907228
2025-09-10,Gamma Balanced,964.83,814922834
2025-09-11,Gamma Balanced,956.28,932130638
2025-09-12,Gamma Balanced,951.41,897798620
2025-09-15,Gamma Balanced,944.11,805396788
2025-09-16,Gamma Balanced,938.61,794106471
2025-09-17,Gamma Balanced,942.48,797371237
2025-09-18,Gamma Balanced,939.35,928540106
2025-09-19,Gamma Balanced,937.67,952078556
2025-09-22,Gamma Balanced,935.04,1016831879
2025-09-23,Gamma Balanced,939.11,898482518
2025-09-24,Gamma Balanced,934.22,920844798
2025-09-25,Gamma Balanced,945.65,985314444
2025-09-26,Gamma Balanced,948.38,938997128
2025-09-29,Gamma Balanced,941.86,679990897
2025-09-30,Gamma Balanced,949.42,717171005
2025-10-01,Gamma Balanced,954.13,934757559
2025-10-02,Gamma Balanced,957.94,737459551
2025-10-03,Gamma Balanced,963.76,514606316
2025-10-06,Gamma Balanced,962.99,935092688
2025-10-07,Gamma Balanced,974.32,744319138
2025-10-08,Gamma Balanced,971.25,1015552622
2025-10-09,Gamma Balanced,972.73,840984696
2025-10-10,Gamma Balanced,971.62,989275260
2025-10-13,Gamma Balanced,973.86,1125293178
2025-10-14,Gamma Balanced,976.81,709895526
2025-10-15,Gamma Balanced,980.36,1264205637
2025-10-16,Gamma Balanced,992.94,1159892311
2025-10-17,Gamma Balanced,994.94,513930909
2025-10-20,Gamma Balanced,987.79,925939154
2025-10-21,Gamma Balanced,983.48,858602719
2025-10-22,Gamma Balanced,980.95,664056461
2025-10-23,Gamma Balanced,984.9,916325333
2025-10-24,Gamma Balanced,985.8,519331308
2025-10-27,Gamma Balanced,989.53,758823110
2025-10-28,Gamma Balanced,991.01,1145430124
2025-10-29,Gamma Balanced,987.06,737689513
2025-10-30,Gamma Balanced,977.44,721135118
2025-10-31,Gamma Balanced,983.68,737799648
2025-11-03,Gamma Balanced,990.39,1049175262
2025-11-04,Gamma Balanced,997.97,1183438607
2025-11-05,Gamma Balanced,1011.6,1006135856
2025-11-06,Gamma Balanced,1006.49,999843851
2025-11-07,Gamma Balanced,1002.27,994376625
2025-11-10,Gamma Balanced,995.21,632401177
2025-11-11,Gamma Balanced,989.32,778983750
2025-11-12,Gamma Balanced,989.78,969800715
2025-11-13,Gamma Balanced,986.45,853540672
2025-11-14,Gamma Balanced,983.81,1020399302
2025-11-17,Gamma Balanced,985.45,721386915
2025-11-18,Gamma Balanced,988.61,606226793
2025-11-19,Gamma Balanced,979.62,713727990
2025-11-20,Gamma Balanced,991.35,986774251
2025-11-21,Gamma Balanced,984.15,611428305
2025-11-24,Gamma Balanced,985.26,991094110
2025-11-25,Gamma Balanced,976.15,766741118
2025-11-26,Gamma Balanced,971.63,924046389
2025-11-27,Gamma Balanced,981.23,980073480
2025-11-28,Gamma Balanced,970.13,788455127
2025-12-01,Gamma Balanced,972.65,965513878
2025-12-02,Gamma Balanced,972.4,1012749915
2025-12-03,Gamma Balanced,973.64,800168152
2025-12-04,Gamma Balanced,987.54,1017280894
2025-12-05,Gamma Balanced,982.79,569523978
2025-12-08,Gamma Balanced,981.66,548694626
2025-12-09,Gamma Balanced,988.44,758114841
2025-12-10,Gamma Balanced,991.62,634217095
2025-12-11,Gamma Balanced,982.27,700755460
2025-12-12,Gamma Balanced,975.08,844686662
2025-12-15,Gamma Balanced,970.87,537464532
2025-12-16,Gamma Balanced,961.97,942816435
2025-12-17,Gamma Balanced,966.22,1022250927
2025-12-18,Gamma Balanced,967.48,791022338
2025-12-19,Gamma Balanced,961.39,1026148875
